dialog_id,original_text,detected_brand,normalized_brand,confidence
0,"это атлас пласт отвод, канализационный 90 ° и AE&T, отвод канализационный д 50 на 87 град серого цвета","это атлас пласт отвод, канализационный 90 ° и AE&T, отвод канализационный д 50 на 87 град серого цвета",атлас пласт,0.99
0,"это атлас пласт отвод, канализационный 90 ° и AE&T, отвод канализационный д 50 на 87 град серого цвета","это атлас пласт отвод, канализационный 90 ° и AE&T, отвод канализационный д 50 на 87 град серого цвета",ae&t,0.99
6,"Менеджер: Да, все инструменты, точка ру.","Менеджер: Да, все инструменты, точка ру.",всеинструменты.ру,0.96
9,"Да, физическое заказ был оформлен через Яндекс Маркет.","Да, физическое заказ был оформлен через Яндекс Маркет.",яндекс маркет,0.98
9,Яндекс Маркета возврат одобрил,Яндекс Маркета возврат одобрил,яндекс маркет,0.98
9,"чтобы с вами связался менеджер, который работает у нас именно с Яндекс, Маркетом и Озоном.","чтобы с вами связался менеджер, который работает у нас именно с Яндекс, Маркетом и Озоном.",yandex,0.95
9,"чтобы с вами связался менеджер, который работает у нас именно с Яндекс, Маркетом и Озоном.","чтобы с вами связался менеджер, который работает у нас именно с Яндекс, Маркетом и Озоном.",ozon,0.9
12,через приложение Озон захожу в товар,через приложение Озон захожу в товар,ozon,0.99
15,заказал ножовочную пилу Интерскол МП. 120-10,заказал ножовочную пилу Интерскол МП. 120-10,интерскол,1.0
17,Кн Корп нижнее подчеркивание пр. Собака Майл Точка Ру.,Кн Корп нижнее подчеркивание пр. Собака Майл Точка Ру.,mile,0.92
18,В заказе у вас идет газонокосилка Элмас и нож.,В заказе у вас идет газонокосилка Элмас и нож.,elmos,0.99
19,"Клиент: А здрасьте, расскажите сейчас сбер, спасибо, то принимается к оплате или нет.","Клиент: А здрасьте, расскажите сейчас сбер, спасибо, то принимается к оплате или нет.",sber,0.99
25,"А да, магазин Все Инструменты, точка ру.","А да, магазин Все Инструменты, точка ру.",всеинструменты.ру,1.0
25,"Здравствуй, поддержки Яндекс Маркета.","Здравствуй, поддержки Яндекс Маркета.",яндекс маркет,1.0
35,"масло было, Лакерис, которого не было в наличии","масло было, Лакерис, которого не было в наличии",лакирис,0.99
36,у вас все инструменты.,у вас все инструменты.,всеинструменты.ру,0.95
43,"Пена монтажная Технониколь и кровельный герметик, битумно-каучуковый.","Пена монтажная Технониколь и кровельный герметик, битумно-каучуковый.",технониколь,0.99
43,"рисует 61, собака Майл Ру.","рисует 61, собака Майл Ру.",mile,0.97
48,"Менеджер: Но в данном случае там есть да, то есть они направляют к нам в чат звонить по телефону продавца. Также есть чат с продавцом, то есть вам именно туда надо написать вам по возврату, все уточнят чат с продавцом.","Менеджер: Но в данном случае там есть да, то есть они направляют к нам в чат звонить по телефону продавца. Также есть чат с продавцом, то есть вам именно туда надо написать вам по возврату, все уточнят чат с продавцом.",yandex,0.99
48,"Клиент: Добрый день, девушка, скажите, а через Яндекс Маркет там?","Клиент: Добрый день, девушка, скажите, а через Яндекс Маркет там?",yandex,0.99
48,"Клиент: Добрый день, девушка, скажите, а через Яндекс Маркет там?","Клиент: Добрый день, девушка, скажите, а через Яндекс Маркет там?",яндекс маркет,0.99
49,блистер патриот Бренда,блистер патриот Бренда,patriot,0.96
49,Цепная пила Бренда стран также ИНТЕРСКОЛ пила электрическая цепная,Цепная пила Бренда стран также ИНТЕРСКОЛ пила электрическая цепная,интерскол,0.98
49,Поступила 2000 ИНТЕРСКОЛ да ИНТЕРСКОЛ ИНТЕРСКОЛ,Поступила 2000 ИНТЕРСКОЛ да ИНТЕРСКОЛ ИНТЕРСКОЛ,интерскол,0.98
49,"Шторм поступил да шторм пока на данный момент минуту посмотрю, штурм должен поступить","Шторм поступил да шторм пока на данный момент минуту посмотрю, штурм должен поступить",шторм,0.94
49,За ожидание да как раз таки штурм пила цепная,За ожидание да как раз таки штурм пила цепная,шторм,0.94
54,Супермат 200 калео называется Калео.,Супермат 200 калео называется Калео.,caleo,0.99
54,"И последнее мат там еще был нагреваться ELECTROLITE, да?","И последнее мат там еще был нагреваться ELECTROLITE, да?",electrolite,0.99
55,не на озоне,не на озоне,ozon,0.98
55,Гигант шнек для бензобура,Гигант шнек для бензобура,gigant,0.96
56,служба поддержки Яндекс. Маркета,служба поддержки Яндекс. Маркета,яндекс маркет,0.99
56,заказы Яндекс Маркета,заказы Яндекс Маркета,яндекс маркет,0.99
58,"если вы оформляли заказ через площадку Яндекс Маркет, то, соответственно, необходимо будет обратиться в чат с продавцом на площадке Яндекс Маркет.","если вы оформляли заказ через площадку Яндекс Маркет, то, соответственно, необходимо будет обратиться в чат с продавцом на площадке Яндекс Маркет.",яндекс маркет,0.99
58,"Я написал в чат продавцам через Яндекс Маркет, прошу про них, про них хранить.","Я написал в чат продавцам через Яндекс Маркет, прошу про них, про них хранить.",яндекс маркет,0.99
58,"Если вы оформляете через Яндекс Маркет, то все вопросы тоже через поддержку Яндекс Маркета.","Если вы оформляете через Яндекс Маркет, то все вопросы тоже через поддержку Яндекс Маркета.",яндекс маркет,0.99
63,поддержка Яндекс. Маркета,поддержка Яндекс. Маркета,яндекс маркет,0.99
63,"информацию только передаю на почту Яндекса, чтобы уточнить","информацию только передаю на почту Яндекса, чтобы уточнить",яндекс маркет,0.99
63,"информацию только передаю на почту Яндекса, чтобы уточнить","информацию только передаю на почту Яндекса, чтобы уточнить",yandex,0.98
67,это газонокосилка PATRIOT,это газонокосилка PATRIOT,patriot,0.99
74,"…вы оформляли возврат на остальную стремянку, правильно, Алибест?","…вы оформляли возврат на остальную стремянку, правильно, Алибест?",алюбэст,0.98
75,ВТБ Сбербанк Сбербанк,ВТБ Сбербанк Сбербанк,sber,0.98
76,То есть заказ изначально оформляли на нашем сайте или Яндекс или Озон?,То есть заказ изначально оформляли на нашем сайте или Яндекс или Озон?,yandex,0.99
76,Я в Яндексе оформил возврат,Я в Яндексе оформил возврат,yandex,0.99
76,То есть заказ изначально оформляли на нашем сайте или Яндекс или Озон?,То есть заказ изначально оформляли на нашем сайте или Яндекс или Озон?,ozon,0.99
78,рукав от CENTEK не доставляли,рукав от CENTEK не доставляли,centek,0.99
85,"Так, а вы где заказывали в Яндекс. Маркете или озоне, или нет, нет у нас.","Так, а вы где заказывали в Яндекс. Маркете или озоне, или нет, нет у нас.",яндекс маркет,0.99
85,"Так, а вы где заказывали в Яндекс. Маркете или озоне, или нет, нет у нас.","Так, а вы где заказывали в Яндекс. Маркете или озоне, или нет, нет у нас.",ozon,0.98
87,"Лестницу вы вернули, а масло вы забрали правильно Газпромнефть, которое было.","Лестницу вы вернули, а масло вы забрали правильно Газпромнефть, которое было.",gazpromneft,0.96
99,"...вот все, все инструменты, как мне обратно...","...вот все, все инструменты, как мне обратно...",всеинструменты.ру,0.6
108,В этом случае вам нужно обратиться в Яндекс. Маркет в чат уточнить информацию,В этом случае вам нужно обратиться в Яндекс. Маркет в чат уточнить информацию,яндекс маркет,0.99
112,Звездочка 99 875 на о Эр,Звездочка 99 875 на о Эр,звездочка,0.99
112,Вы же перфоратор заказали AE&T?,Вы же перфоратор заказали AE&T?,ae&t,0.99
112,вы сдавали перфоратора AE&T,вы сдавали перфоратора AE&T,ae&t,0.99
115,ВИХРЬ ВИХРЬ называется Шуруповерт,ВИХРЬ ВИХРЬ называется Шуруповерт,вихрь,0.96
116,генеральному директору ООО Все инструменты Фахрутдинову,генеральному директору ООО Все инструменты Фахрутдинову,всеинструменты.ру,0.99
121,"Менеджер: Так это мы по телефону делаем, подождите 1 минуту. Вот вы заказали штиль однофазный, правильно переменного напряжения сейчас 1 минуту.","Менеджер: Так это мы по телефону делаем, подождите 1 минуту. Вот вы заказали штиль однофазный, правильно переменного напряжения сейчас 1 минуту.",штиль,0.95
124,"Ожидаю доставку из озон, да?","Ожидаю доставку из озон, да?",ozon,0.99
124,"можете в чат озона обратиться, подскажут вам.","можете в чат озона обратиться, подскажут вам.",ozon,0.99
129,"ЗУБР так и Триммер, понятно, Триммер Евролюкс","ЗУБР так и Триммер, понятно, Триммер Евролюкс",zubr,0.98
129,Триммер Евролюкс,Триммер Евролюкс,eurolux,0.99
131,"Да, все инструменты, точка ру.","Да, все инструменты, точка ру.",всеинструменты.ру,0.98
131,"мне звонили с вашего номера по заказу озона, видимо.","мне звонили с вашего номера по заказу озона, видимо.",ozon,0.99
135,я делал заказ через Яндекс. Маркет во всех инструментах,я делал заказ через Яндекс. Маркет во всех инструментах,yandex,0.95
135,вы же через Яндекс. Маркет оформляли заказ,вы же через Яндекс. Маркет оформляли заказ,yandex,0.95
135,я делал заказ через Яндекс. Маркет во всех инструментах,я делал заказ через Яндекс. Маркет во всех инструментах,яндекс маркет,0.98
135,возврат это будет в Яндекс Маркет,возврат это будет в Яндекс Маркет,яндекс маркет,0.98
135,нужно обратиться в Яндекс Маркет для возврата именно товара,нужно обратиться в Яндекс Маркет для возврата именно товара,яндекс маркет,0.98
136,"Клиент: Добрый вечер, подскажите, пожалуйста, вот раньше я заказывал у вас на сайте различные инструменты. Там предметы и там можно было часть покупки оплатить бонусами. От Сбербанка спасибо бонусами, спасибо от Сбербанка.","Клиент: Добрый вечер, подскажите, пожалуйста, вот раньше я заказывал у вас на сайте различные инструменты. Там предметы и там можно было часть покупки оплатить бонусами. От Сбербанка спасибо бонусами, спасибо от Сбербанка.",sber,0.99
138,"Менеджер: А подскажите, заказ оформляли через все инструменты, правильно?","Менеджер: А подскажите, заказ оформляли через все инструменты, правильно?",всеинструменты.ру,0.92
140,Заказ стримером GREENWORKS.,Заказ стримером GREENWORKS.,greenworks,0.99
142,...в Яндекс. Маркете написано возврат...,...в Яндекс. Маркете написано возврат...,яндекс маркет,0.99
151,Морелью ручки будут и завертка к ним.,Морелью ручки будут и завертка к ним.,morelli,0.92
152,"Менеджер: Спасибо за ожидание, да вам необходимо написать в Яндекс. Маркет либо в чат с продавцом, то есть они подскажут о дальнейших действиях, что нужно сделать.","Менеджер: Спасибо за ожидание, да вам необходимо написать в Яндекс. Маркет либо в чат с продавцом, то есть они подскажут о дальнейших действиях, что нужно сделать.",яндекс маркет,0.99
152,"Клиент: Здравствуйте, подскажите, я товар заказывал через Яндекс. Маркет, получается, на все инструменты пришёл?","Клиент: Здравствуйте, подскажите, я товар заказывал через Яндекс. Маркет, получается, на все инструменты пришёл?",яндекс маркет,0.99
154,"Так здесь у вас БЕЛМАШ станок круглопильный, верно?","Так здесь у вас БЕЛМАШ станок круглопильный, верно?",белмаш,0.99
155,"это же фирма есть, они как бы CROWN этот 470.","это же фирма есть, они как бы CROWN этот 470.",crown,0.98
161,я оплачивал какую-то часть заказов ваших в вашем магазине бонусами Сбербанк.,я оплачивал какую-то часть заказов ваших в вашем магазине бонусами Сбербанк.,sber,0.98
164,стр... стремянка KRANZ.,стр... стремянка KRANZ.,kranz,0.99
164,стр... стремянка на роликах KRANZ STABILA 127 778.,стр... стремянка на роликах KRANZ STABILA 127 778.,kranz,0.99
164,стр... стремянка на роликах KRANZ STABILA 127 778.,стр... стремянка на роликах KRANZ STABILA 127 778.,stabilo,0.9
166,"Это разводной ключ, NEON от 0 до 34.","Это разводной ключ, NEON от 0 до 34.",neon,0.98
170,Менеджер: Крем групп,Менеджер: Крем групп,кремона,0.96
170,Менеджер: Крем групп,Менеджер: Крем групп,рк груп,0.96
177,"37 MAKITA, 9 810 да, оба заказа готовы к выдаче.","37 MAKITA, 9 810 да, оба заказа готовы к выдаче.",makita,0.99
178,"Менеджер: Можете задать вопрос Сбербанку, можете задать вопрос Сбербанку, он обязательно вас сориентирует и по срокам.","Менеджер: Можете задать вопрос Сбербанку, можете задать вопрос Сбербанку, он обязательно вас сориентирует и по срокам.",sber,0.96
178,"Клиент: Надо было, как будто летом в Сбербанк все время проходить, ага.","Клиент: Надо было, как будто летом в Сбербанк все время проходить, ага.",sber,0.96
181,"А Павел на Триммер CHAMPION, верно?","А Павел на Триммер CHAMPION, верно?",champion,1.0
185,ПРОМРУКАВ распределительная коробка 20 и трубка термосуживаемая тоже 20 августа.,ПРОМРУКАВ распределительная коробка 20 и трубка термосуживаемая тоже 20 августа.,промрукав,1.0
185,Все инструменты мы во многих городах находимся.,Все инструменты мы во многих городах находимся.,всеинструменты.ру,0.85
190,Менеджер: Можно это звонили от Яндекс Маркета?,Менеджер: Можно это звонили от Яндекс Маркета?,яндекс маркет,1.0
191,"…я бы хотела забрать этот заказ, там скотч у меня номер заказа…","…я бы хотела забрать этот заказ, там скотч у меня номер заказа…",scotch,0.6
203,"Тачка бизон двухколесная, да да, она еще комплектуется, она еще пока не в доставке.","Тачка бизон двухколесная, да да, она еще комплектуется, она еще пока не в доставке.",бизон,0.92
205,Яндекс,Яндекс,yandex,0.99
206,"Кабель канал Светильник, ПРОМРУКАВ этот.","Кабель канал Светильник, ПРОМРУКАВ этот.",промрукав,0.98
207,на Яндекс. Маркете,на Яндекс. Маркете,яндекс маркет,0.99
211,Ушм MAKITA Шуруповерт,Ушм MAKITA Шуруповерт,makita,0.99
212,"А нам нужен 1 пылесос Оттудова, называется за 34000 которая DEWALT или что то такое.","А нам нужен 1 пылесос Оттудова, называется за 34000 которая DEWALT или что то такое.",dewalt,0.99
212,DEWALT пылесос промышленный,DEWALT пылесос промышленный,dewalt,0.99
214,я заказывала на Яндексе нож,я заказывала на Яндексе нож,yandex,0.99
214,по срокам возврата денег у Яндекса нужно уточнять,по срокам возврата денег у Яндекса нужно уточнять,yandex,0.99
214,"Так перед тем, как принести в магазин нож, вы сначала на Яндекс. Маркет или Озон были?","Так перед тем, как принести в магазин нож, вы сначала на Яндекс. Маркет или Озон были?",яндекс маркет,0.99
214,"На Яндекс. Маркете, вы сначала должны были заявление написать на возврат.","На Яндекс. Маркете, вы сначала должны были заявление написать на возврат.",яндекс маркет,0.99
214,"Теперь вопросы к Яндекс. Маркету, куда они вам деньги вернут?","Теперь вопросы к Яндекс. Маркету, куда они вам деньги вернут?",яндекс маркет,0.99
214,"Так перед тем, как принести в магазин нож, вы сначала на Яндекс. Маркет или Озон были?","Так перед тем, как принести в магазин нож, вы сначала на Яндекс. Маркет или Озон были?",ozon,0.99
216,"Короче, я понял это в Техносонус, да?","Короче, я понял это в Техносонус, да?",техносонус,0.96
217,"Здравствуйте, все инструменты Кирилл, здравствуйте, Кирилл.","Здравствуйте, все инструменты Кирилл, здравствуйте, Кирилл.",всеинструменты.ру,0.96
219,заказывали у вас пустой в подарок через Яндекс. Маркет,заказывали у вас пустой в подарок через Яндекс. Маркет,яндекс маркет,0.99
219,на Яндекс. Маркете возврат оформил,на Яндекс. Маркете возврат оформил,яндекс маркет,0.99
219,через Яндекс. Маркет,через Яндекс. Маркет,yandex,0.98
219,на Яндекс. Маркете возврат оформил,на Яндекс. Маркете возврат оформил,yandex,0.98
221,"Клиент: Я заказывала в озоне, а доставка получается у меня от сейчас, скажу все инструменты.","Клиент: Я заказывала в озоне, а доставка получается у меня от сейчас, скажу все инструменты.",ozon,0.99
221,Менеджер: А вы заказывали у нас напрямую или в Яндекс Маркете или Озоне?,Менеджер: А вы заказывали у нас напрямую или в Яндекс Маркете или Озоне?,яндекс маркет,0.99
221,Менеджер: А вы заказывали у нас напрямую или в Яндекс Маркете или Озоне?,Менеджер: А вы заказывали у нас напрямую или в Яндекс Маркете или Озоне?,yandex,0.85
226,"Там масло, ликви моли.","Там масло, ликви моли.",liqui moly,1.0
226,Масло ликвиное синтетика вижу.,Масло ликвиное синтетика вижу.,liqui moly,1.0
232,"Скажите, пожалуйста, а у вас принимают бонусы, сбер спасибо?","Скажите, пожалуйста, а у вас принимают бонусы, сбер спасибо?",сберспасибо,0.97
232,"У нас отменили списание бонусов Сбер, спасибо с 21 июня.","У нас отменили списание бонусов Сбер, спасибо с 21 июня.",сберспасибо,0.97
232,А бонусы Сбер спасибо отменили за это.,А бонусы Сбер спасибо отменили за это.,сберспасибо,0.97
232,"У нас отменили списание бонусов Сбер, спасибо с 21 июня.","У нас отменили списание бонусов Сбер, спасибо с 21 июня.",sber,0.95
234,"Триммер GREENWORKS, да?","Триммер GREENWORKS, да?",greenworks,0.99
243,Коронка по бетону ЗУБР потом.,Коронка по бетону ЗУБР потом.,zubr,0.95
253,У меня штиль пила.,У меня штиль пила.,штиль,0.92
254,"Камиса Точка Иванов, собака Яндекс. Точка ру.","Камиса Точка Иванов, собака Яндекс. Точка ру.",yandex,0.96
254,Яндекс. Точка ру да угу,Яндекс. Точка ру да угу,yandex,0.96
257,"Да, Ремикс.","Да, Ремикс.",remix,0.98
270,"Менеджер: Добрый день, компания все инструменты, чем могу помочь.","Менеджер: Добрый день, компания все инструменты, чем могу помочь.",всеинструменты.ру,0.95
274,Все инструменты Оренбург Ленинская по моему 47 магазин тебя тоже работает с 9.,Все инструменты Оренбург Ленинская по моему 47 магазин тебя тоже работает с 9.,всеинструменты.ру,0.96
282,...в Леруа Мерлен посмотрел...,...в Леруа Мерлен посмотрел...,леруа мерлен,0.99
283,Пила цепная MAKITA,Пила цепная MAKITA,makita,0.99
287,ТЦ Меркурий,ТЦ Меркурий,меркурий,0.95
287,там есть граф Пол,там есть граф Пол,graf,0.7
300,"Менеджер: Смотрю ваши последние заказы, CHAMPION, набор генератор, верно, промо набор по данному заказу.","Менеджер: Смотрю ваши последние заказы, CHAMPION, набор генератор, верно, промо набор по данному заказу.",champion,0.99
305,"Отрезной так диск по металлу круг лепестковый торцевой парма, шлифмашина ушм.","Отрезной так диск по металлу круг лепестковый торцевой парма, шлифмашина ушм.",парма,0.7
310,Компания Гарант поставка.,Компания Гарант поставка.,garant,0.96
312,"Триммер, CHAMPION, правильно понимаю?","Триммер, CHAMPION, правильно понимаю?",champion,0.99
312,"вы можете обратиться в сервисный центр производителя либо же в любой магазин, все инструменты точка ру как удобнее.","вы можете обратиться в сервисный центр производителя либо же в любой магазин, все инструменты точка ру как удобнее.",всеинструменты.ру,0.98
320,"А какие бонусы Сбер, спасибо, Дмитрий Николаевич?","А какие бонусы Сбер, спасибо, Дмитрий Николаевич?",sber,0.95
320,"Сбер, спасибо, да?","Сбер, спасибо, да?",sber,0.95
321,"Точка Дэ Эс, собака Яндекс. Точка ру.","Точка Дэ Эс, собака Яндекс. Точка ру.",yandex,0.99
327,можете меня соединить с магазином Все Инструменты Нижний Тагил,можете меня соединить с магазином Все Инструменты Нижний Тагил,всеинструменты.ру,0.99
330,"Я заказывал это BRABIX код, 251 0 35 95","Я заказывал это BRABIX код, 251 0 35 95",brabix,0.99
333,Вот VERTEXTOOLS правильно.,Вот VERTEXTOOLS правильно.,vertextools,0.99
334,…платежная система Плэй…,…платежная система Плэй…,playme,0.96
336,компания АВТОDЕЛО оформил заказ,компания АВТОDЕЛО оформил заказ,автоdело,0.99
336,Так АВТОDЕЛО 1 минуту,Так АВТОDЕЛО 1 минуту,автоdело,0.99
336,"Давайте сейчас ЗУБР профессиональный высокоточный слесарный тиски, правильно?","Давайте сейчас ЗУБР профессиональный высокоточный слесарный тиски, правильно?",zubr,0.99
337,"Понял хорошо, тогда сейчас удалю оставлять только MAKITA ту торцовочную, да?","Понял хорошо, тогда сейчас удалю оставлять только MAKITA ту торцовочную, да?",makita,0.99
342,"Менеджер: Добрый день, менеджер поддержки Мария, чем могу помочь компания все инструменты?","Менеджер: Добрый день, менеджер поддержки Мария, чем могу помочь компания все инструменты?",всеинструменты.ру,0.96
349,"Так за насос союз, да вот этот вот...","Так за насос союз, да вот этот вот...",союз,0.85
350,многоступенчатый насос Уни унипум,многоступенчатый насос Уни унипум,unipump,0.92
365,Наконечник сварочный сварог за 475 р,Наконечник сварочный сварог за 475 р,сварог,0.98
371,списать бонусы Сбер,списать бонусы Сбер,sber,0.96
371,Сбер,Сбер,sber,0.96
377,Смеситель для кухни INGCO графит.,Смеситель для кухни INGCO графит.,ingco,0.99
382,я заказывала товар через Яндекс. Маркет хочу вернуть,я заказывала товар через Яндекс. Маркет хочу вернуть,яндекс маркет,0.98
382,в Яндексе,в Яндексе,яндекс маркет,0.98
382,в Яндексе,в Яндексе,yandex,0.95
385,на какой платформе делали заказ Озон или Яндекс,на какой платформе делали заказ Озон или Яндекс,yandex,0.99
385,На Яндексе Яндекс.,На Яндексе Яндекс.,yandex,0.99
385,на какой платформе делали заказ Озон или Яндекс,на какой платформе делали заказ Озон или Яндекс,ozon,0.99
394,"NAVIGATOR повел в деревню, поселок Константиново в Домодедовском районе?","NAVIGATOR повел в деревню, поселок Константиново в Домодедовском районе?",navigator,0.99
394,"NAVIGATOR привез, а так здесь указан адрес...","NAVIGATOR привез, а так здесь указан адрес...",navigator,0.99
394,"вывеска все инструменты, точка ру.","вывеска все инструменты, точка ру.",всеинструменты.ру,0.98
394,"Домашняя домашняя кухня чего, то АГРОСТОК вот.","Домашняя домашняя кухня чего, то АГРОСТОК вот.",агросток,0.97
397,"Менеджер: Менеджер поддержки Мария Добрый день, здравствуйте. Я сделал заказ через Яндекс Маркет, но в вашем магазине вот они ссылаются на вас.","Менеджер: Менеджер поддержки Мария Добрый день, здравствуйте. Я сделал заказ через Яндекс Маркет, но в вашем магазине вот они ссылаются на вас.",яндекс маркет,0.99
397,"Клиент: Здравствуйте, я делал заказ через Яндекс. Маркет, но в вашем магазине вот они ссылаются на вас.","Клиент: Здравствуйте, я делал заказ через Яндекс. Маркет, но в вашем магазине вот они ссылаются на вас.",яндекс маркет,0.99
397,Менеджер: Все заказы сделаны через Яндекс или Озон через них только можно уточнить.,Менеджер: Все заказы сделаны через Яндекс или Озон через них только можно уточнить.,yandex,0.98
397,"Клиент: Да так, значит, на Яндексе это 475.","Клиент: Да так, значит, на Яндексе это 475.",yandex,0.98
397,Менеджер: Все заказы сделаны через Яндекс или Озон через них только можно уточнить.,Менеджер: Все заказы сделаны через Яндекс или Озон через них только можно уточнить.,ozon,0.97
404,Менеджер: Все инструменты.,Менеджер: Все инструменты.,всеинструменты.ру,0.92
416,Компания Юнитрейд Алло.,Компания Юнитрейд Алло.,alloro,0.85
426,"Менеджер: Правильно понимаю, на Яндекс Маркете заказывали Угу?","Менеджер: Правильно понимаю, на Яндекс Маркете заказывали Угу?",яндекс маркет,0.99
426,"Менеджер: Да потому, что это заказ Яндекс. Маркета, вам только вот этот заказ продиктовали номер или же также наш заказ?","Менеджер: Да потому, что это заказ Яндекс. Маркета, вам только вот этот заказ продиктовали номер или же также наш заказ?",яндекс маркет,0.99
426,Менеджер: Только этот номер в таком случае только через чат Яндекс Маркета.,Менеджер: Только этот номер в таком случае только через чат Яндекс Маркета.,яндекс маркет,0.99
426,"Менеджер: Правильно понимаю, на Яндекс Маркете заказывали Угу?","Менеджер: Правильно понимаю, на Яндекс Маркете заказывали Угу?",yandex,0.97
426,"Менеджер: Да потому, что это заказ Яндекс. Маркета, вам только вот этот заказ продиктовали номер или же также наш заказ?","Менеджер: Да потому, что это заказ Яндекс. Маркета, вам только вот этот заказ продиктовали номер или же также наш заказ?",yandex,0.97
426,Менеджер: А ну тогда приходите в пункт выдачи все инструменты ру.,Менеджер: А ну тогда приходите в пункт выдачи все инструменты ру.,всеинструменты.ру,0.98
426,Менеджер: То есть вам сказали нам во все инструменты придти?,Менеджер: То есть вам сказали нам во все инструменты придти?,всеинструменты.ру,0.98
437,"Так, а тут было лукойл масло, да вот от этого отказались 2575 р.","Так, а тут было лукойл масло, да вот от этого отказались 2575 р.",лукойл,0.99
438,компания Икс Питон,компания Икс Питон,компания икс-бетон,0.95
449,"Менеджер: Модер поддержки, здравствуйте, слушаю вас.","Менеджер: Модер поддержки, здравствуйте, слушаю вас.",moder,0.99
449,"Клиент: Просто обычно, знаете, вот я на озоне покупаю на Яндексе быстро, оперативно.","Клиент: Просто обычно, знаете, вот я на озоне покупаю на Яндексе быстро, оперативно.",ozon,0.98
449,"Менеджер: Угу, да смотрите по поводу Яндекс Маркета.","Менеджер: Угу, да смотрите по поводу Яндекс Маркета.",яндекс маркет,0.99
449,"Менеджер: Если вы напрямую нас покупали по Яндекс. Маркету, я вам сейчас отправлю номер...","Менеджер: Если вы напрямую нас покупали по Яндекс. Маркету, я вам сейчас отправлю номер...",яндекс маркет,0.99
449,"Клиент: я на озоне покупаю на Яндексе быстро, оперативно.","Клиент: я на озоне покупаю на Яндексе быстро, оперативно.",yandex,0.97
455,при описании баллов сбер спасибо,при описании баллов сбер спасибо,сберспасибо,0.97
477,вас беспокоит служба поддержки клиентов Яндекс. Маркет,вас беспокоит служба поддержки клиентов Яндекс. Маркет,яндекс маркет,0.96
478,У меня Хускварна бренд интересует.,У меня Хускварна бренд интересует.,husqvarna,0.99
479,не через Яндекс было зайти.,не через Яндекс было зайти.,yandex,0.99
479,Сайт зашел на сайт через Яндекс.,Сайт зашел на сайт через Яндекс.,yandex,0.99
480,"Менеджер: Так у вас Руслан заказ на рукав напорный, на ствол пожарный CHAMPION на колонку пожарную?","Менеджер: Так у вас Руслан заказ на рукав напорный, на ствол пожарный CHAMPION на колонку пожарную?",champion,1.0
482,"…отправила на Эр Эр Зэ Эм, собака **Яндекс. Точка ру** на эту почту.","…отправила на Эр Эр Зэ Эм, собака **Яндекс. Точка ру** на эту почту.",yandex,0.99
483,"Да мне нужны вот на HAWERA Эмаль, 785 вот эти цвета красные и на грунт.","Да мне нужны вот на HAWERA Эмаль, 785 вот эти цвета красные и на грунт.",hawera,0.98
485,"Менеджер: Ну, у вас заказ на физ лицо оформлен WAGNER, подскажите?","Менеджер: Ну, у вас заказ на физ лицо оформлен WAGNER, подскажите?",wagner,0.99
486,Менеджер: Так там у вас AE&T перфоратор?,Менеджер: Так там у вас AE&T перфоратор?,ae&t,0.99
487,Профгрупп,Профгрупп,профгрупп,0.99
489,"Менеджер: Добрый день, менеджер поддержки Ольга, чем могу помочь вам?
Клиент: Я хотел бы узнать, ... Там магазин **все инструменты** на Волгоградском проспекте, 17 ...","Менеджер: Добрый день, менеджер поддержки Ольга, чем могу помочь вам?
Клиент: Я хотел бы узнать, ... Там магазин **все инструменты** на Волгоградском проспекте, 17 ...",всеинструменты.ру,0.86
490,ручную лебедку Штеплер 0 5 т,ручную лебедку Штеплер 0 5 т,shtapler,0.99
495,У меня есть 2000 бонусов Сбер.,У меня есть 2000 бонусов Сбер.,sber,0.95
497,Вы где заказ оформляли? – Яндекс.,Вы где заказ оформляли? – Яндекс.,yandex,0.99
497,обратитесь в поддержку Яндекс.,обратитесь в поддержку Яндекс.,yandex,0.99
502,"видите, сейчас у вас здесь РЕСАНТА. Инфракрасный обогреватель и ещё товар здесь.","видите, сейчас у вас здесь РЕСАНТА. Инфракрасный обогреватель и ещё товар здесь.",ресанта,0.99
503,"Сергей, обращаетесь от ООО Техмаш, правильно понял?","Сергей, обращаетесь от ООО Техмаш, правильно понял?",производственная компания техмаш,0.99
505,Мы к ним пришли к единому мнению выписать DEWALT 1600 электротриммер.,Мы к ним пришли к единому мнению выписать DEWALT 1600 электротриммер.,dewalt,0.99
509,"Вот Яндекс, чтобы у вас просто срок резерва продлил либо в поддержку Яндекс Маркет написать.","Вот Яндекс, чтобы у вас просто срок резерва продлил либо в поддержку Яндекс Маркет написать.",yandex,0.99
509,"Вот Яндекс, чтобы у вас просто срок резерва продлил либо в поддержку Яндекс Маркет написать.","Вот Яндекс, чтобы у вас просто срок резерва продлил либо в поддержку Яндекс Маркет написать.",яндекс маркет,0.99
516,доставка через СДЭК да идет на спектр.,доставка через СДЭК да идет на спектр.,спектр,0.88
518,"Сейчас прям секундочку попозже, MATRIX, пойдешь туда посмотреть вам с мальчишками.","Сейчас прям секундочку попозже, MATRIX, пойдешь туда посмотреть вам с мальчишками.",matrix,0.95
529,это поддержка Яндекс Маркета.,это поддержка Яндекс Маркета.,яндекс маркет,0.99
529,по Яндекс. Маркету сказать не могу,по Яндекс. Маркету сказать не могу,яндекс маркет,0.99
529,"Собака все инструменты, точка ру","Собака все инструменты, точка ру",всеинструменты.ру,0.98
537,через озон у вас лестницу,через озон у вас лестницу,ozon,0.99
537,возврат мне на озоне написали,возврат мне на озоне написали,ozon,0.99
537,это все через озон,это все через озон,ozon,0.99
542,все инструменты точка ру,все инструменты точка ру,всеинструменты.ру,0.96
542,все инструменты точка ру все слитно пишется,все инструменты точка ру все слитно пишется,всеинструменты.ру,0.96
556,Клиент: ... мы купили у вас счетчик Меркурий? 231.,Клиент: ... мы купили у вас счетчик Меркурий? 231.,меркурий,0.99
556,"Менеджер: ... так это вот инатекс, счетчик Меркурий, 231 ...","Менеджер: ... так это вот инатекс, счетчик Меркурий, 231 ...",меркурий,0.99
558,"Да, да, да ТЕРМЕКС я его это сдал.","Да, да, да ТЕРМЕКС я его это сдал.",термекс,0.99
560,"А то есть он там, а как получить сертификат на на вот эту вот продукт на Легранд?","А то есть он там, а как получить сертификат на на вот эту вот продукт на Легранд?",legrand,0.99
561,мы берем уже точно мохито.,мы берем уже точно мохито.,makita,0.92
565,заказ на 15926 р прошла у вас оплата по заказу на компанию сегмент.,заказ на 15926 р прошла у вас оплата по заказу на компанию сегмент.,сегментэнерго,0.85
565,Можно ли забрать его в 1 из магазинов все инструменты на территории Питера?,Можно ли забрать его в 1 из магазинов все инструменты на территории Питера?,всеинструменты.ру,0.6
570,поддержка Яндекс. Маркета,поддержка Яндекс. Маркета,яндекс маркет,0.99
570,Озоновские заказы Яндекс. Маркет,Озоновские заказы Яндекс. Маркет,яндекс маркет,0.99
570,через Яндекс – только подменники,через Яндекс – только подменники,yandex,0.95
574,производителя ЗУБР 14,производителя ЗУБР 14,zubr,0.98
574,ЗУБР 79 р,ЗУБР 79 р,zubr,0.98
584,"Да, больше не работаем с бонусами Сбер, спасибо с 21 июня.","Да, больше не работаем с бонусами Сбер, спасибо с 21 июня.",sber,0.96
586,Яндекс,Яндекс,yandex,0.99
587,служба поддержки Яндекс. Маркет к нам обратился покупатель,служба поддержки Яндекс. Маркет к нам обратился покупатель,yandex,0.98
587,служба поддержки Яндекс. Маркет к нам обратился покупатель,служба поддержки Яндекс. Маркет к нам обратился покупатель,яндекс маркет,0.99
588,здесь у нас Монтана краска,здесь у нас Монтана краска,montana,0.99
588,BLACK+DECKER черно серая винная,BLACK+DECKER черно серая винная,black+decker,0.99
590,…трехступенчатый фильтр гейзер за 2240 р алло.,…трехступенчатый фильтр гейзер за 2240 р алло.,гейзер,0.96
590,"…у вас гейзер, фильтр, ступенчатый оптион для мягкой воды…","…у вас гейзер, фильтр, ступенчатый оптион для мягкой воды…",гейзер,0.96
590,…ступенчатый оптион для мягкой воды…,…ступенчатый оптион для мягкой воды…,оптион,0.94
591,распиловочный станок MAKITA он у вас 60 р стоит,распиловочный станок MAKITA он у вас 60 р стоит,makita,0.99
601,Клиент: Яндекс.,Клиент: Яндекс.,yandex,0.99
609,я через все инструменты на Яндексе заказал термос,я через все инструменты на Яндексе заказал термос,yandex,0.99
609,по вопросам Яндекса вам необходимо писать в поддержку Яндекс. Маркета,по вопросам Яндекса вам необходимо писать в поддержку Яндекс. Маркета,yandex,0.99
609,по вопросам Яндекса вам необходимо писать в поддержку Яндекс. Маркета,по вопросам Яндекса вам необходимо писать в поддержку Яндекс. Маркета,яндекс маркет,0.99
609,"Попробуйте написать в чат поддержки именно Яндекс. Маркета либо продавцу, который там указан","Попробуйте написать в чат поддержки именно Яндекс. Маркета либо продавцу, который там указан",яндекс маркет,0.99
609,Все инструменты Точка. Ру,Все инструменты Точка. Ру,всеинструменты.ру,0.98
611,в Смске мне пришел как бы вот эта звездочка там 626 10.,в Смске мне пришел как бы вот эта звездочка там 626 10.,звездочка,0.92
611,"Тандем СП, да у вас нет данного заказа","Тандем СП, да у вас нет данного заказа",тандем альянс,0.88
621,"Если не сын, так тогда кого нибудь попрошу UNI-T, значит, заказ 82 0 48.","Если не сын, так тогда кого нибудь попрошу UNI-T, значит, заказ 82 0 48.",uni-t,0.99
632,"Вот, а мне нужен ВИХРЬ.","Вот, а мне нужен ВИХРЬ.",вихрь,0.99
632,РЕСАНТА и DEKO.,РЕСАНТА и DEKO.,ресанта,0.99
632,РЕСАНТА и DEKO.,РЕСАНТА и DEKO.,deko,0.99
640,поддержка Яндекс. Маркет уточнить,поддержка Яндекс. Маркет уточнить,яндекс маркет,0.98
640,доступа к заказам оформлен на Яндекс. Маркете,доступа к заказам оформлен на Яндекс. Маркете,яндекс маркет,0.98
640,"все инструменты, точка ру","все инструменты, точка ру",всеинструменты.ру,0.95
644,от 1 июля 25 года 65 р в пользу Симас задолженность.,от 1 июля 25 года 65 р в пользу Симас задолженность.,simas,0.97
649,"Это Яндекс заказ, простите?","Это Яндекс заказ, простите?",yandex,0.96
649,"Да, через Яндекс.","Да, через Яндекс.",yandex,0.96
649,в чат с продавцом в Яндексе писать надо.,в чат с продавцом в Яндексе писать надо.,yandex,0.96
650,В любом магазине все инструменты точка ру с сохранением товарного вида с чеком либо с номером заказа.,В любом магазине все инструменты точка ру с сохранением товарного вида с чеком либо с номером заказа.,всеинструменты.ру,0.98
654,"Лунный Дмитрий, собака Яндекс. Точка ру.","Лунный Дмитрий, собака Яндекс. Точка ру.",yandex,0.98
659,"Это компания Старатель, мы заказали материал, все инструменты в городе Чебоксары.","Это компания Старатель, мы заказали материал, все инструменты в городе Чебоксары.",старатели,1.0
659,"Они, может, Реглайн просто не знают.","Они, может, Реглайн просто не знают.",реглайн,0.95
664,пружина стартера от CHAMPION т 523,пружина стартера от CHAMPION т 523,champion,0.99
665,измельчитель веток риоби раюби,измельчитель веток риоби раюби,риоби,0.4
670,"Так LIFAN 170 ф о с редуктором, да он есть в наличии у вас.","Так LIFAN 170 ф о с редуктором, да он есть в наличии у вас.",lifan,1.0
688,"Менеджер: ... возможно, на озоне, на Яндексе?","Менеджер: ... возможно, на озоне, на Яндексе?",ozon,0.99
688,"Менеджер: ... доставка от озона, от нашей компании.","Менеджер: ... доставка от озона, от нашей компании.",ozon,0.99
692,информацию передала в поддержку Озона.,информацию передала в поддержку Озона.,ozon,0.99
692,я на поддержку Озона тоже обращалась,я на поддержку Озона тоже обращалась,ozon,0.99
692,магазин все инструменты,магазин все инструменты,всеинструменты.ру,0.42
695,"Менеджер: Светлана, здравствуйте, **все инструменты, точка ру** Екатерина, чем могу помочь?","Менеджер: Светлана, здравствуйте, **все инструменты, точка ру** Екатерина, чем могу помочь?",всеинструменты.ру,0.99
696,"Клиент: Да, АГРОСТОК, да?","Клиент: Да, АГРОСТОК, да?",агросток,0.99
696,Менеджер: Так вижу организацию ООО АГРОСТОК.,Менеджер: Так вижу организацию ООО АГРОСТОК.,агросток,0.99
697,запчасти для Триммера HAMMER,запчасти для Триммера HAMMER,hammer,0.99
698,"Вопрос о том, что вернули AE&T вот этот шуруповерт, приняли его, что по как по браку, а куда средства вернули вопрос?","Вопрос о том, что вернули AE&T вот этот шуруповерт, приняли его, что по как по браку, а куда средства вернули вопрос?",ae&t,1.0
698,"я уточню теплофон, точка Дмитрий Джимейл.","я уточню теплофон, точка Дмитрий Джимейл.",теплофон,0.7
703,"Менеджер: Ну, вам на почту прислать, подскажите, Максим?","Менеджер: Ну, вам на почту прислать, подскажите, Максим?",maxim,0.96
703,"Менеджер: Так Эс Эм Вэ, собака Эс Эр Войл, Точка Ру, да?","Менеджер: Так Эс Эм Вэ, собака Эс Эр Войл, Точка Ру, да?",voylet,0.81
708,да собака Яндекс. Точка ру.,да собака Яндекс. Точка ру.,yandex,0.96
709,Ооо DELTA.,Ооо DELTA.,delta,0.98
718,"Вот 1 минуту, да вот прям слитно просто читаю Яндекс.","Вот 1 минуту, да вот прям слитно просто читаю Яндекс.",yandex,0.99
726,"Клиент: ... могу у вас попросить накладные, чтобы мне прислали по покупкам в вашем магазине на компанию триумф Альянс?","Клиент: ... могу у вас попросить накладные, чтобы мне прислали по покупкам в вашем магазине на компанию триумф Альянс?",триумф,0.92
727,"Вижу ваш заказ, а DEWALT, правильно?","Вижу ваш заказ, а DEWALT, правильно?",dewalt,0.99
727,"А в заказе, DEWALT.","А в заказе, DEWALT.",dewalt,0.99
728,бонусы Сбер,бонусы Сбер,sber,0.95
734,у вас аккумулятор MAKITA и Шуруповерт MAKITA,у вас аккумулятор MAKITA и Шуруповерт MAKITA,makita,1.0
735,"Менеджер: Добрый день, отдел поддержки сбер, чем могу помочь.","Менеджер: Добрый день, отдел поддержки сбер, чем могу помочь.",sber,0.99
737,у вас единственный заказ Рима,у вас единственный заказ Рима,рима,0.85
740,"Спасибо, спасибо, Спасибо, TURBOSKY.","Спасибо, спасибо, Спасибо, TURBOSKY.",turbosky,1.0
742,Трёхсекционная краузе Корда по циферкам,Трёхсекционная краузе Корда по циферкам,krause,0.96
742,Трёхсекционная краузе Корда по циферкам,Трёхсекционная краузе Корда по циферкам,корд,0.94
744,"Пила для MAKITA, цепь для MAKITA.","Пила для MAKITA, цепь для MAKITA.",makita,1.0
744,"цепь, может быть, нет на цепь да для пилы CHAMPION?","цепь, может быть, нет на цепь да для пилы CHAMPION?",champion,1.0
748,Так это вы все на A-IPOWER да заказывали угу?,Так это вы все на A-IPOWER да заказывали угу?,a-ipower,0.99
748,"Вышлите мне на почту, и у меня там на NAVIGATOR тоже вышлите.","Вышлите мне на почту, и у меня там на NAVIGATOR тоже вышлите.",navigator,0.98
748,У меня там на NAVIGATOR тоже вышлите.,У меня там на NAVIGATOR тоже вышлите.,navigator,0.98
753,Угу сверло по металлу FORCE.,Угу сверло по металлу FORCE.,force,0.96
757,"там ЗУБР, допустим, там AE&T, там что то такое вот?","там ЗУБР, допустим, там AE&T, там что то такое вот?",zubr,0.99
757,"там ЗУБР, допустим, там AE&T, там что то такое вот?","там ЗУБР, допустим, там AE&T, там что то такое вот?",ae&t,0.99
762,производство INGCO осталось,производство INGCO осталось,ingco,0.99
763,это аккумулятор DEWALT.,это аккумулятор DEWALT.,dewalt,0.99
771,вы делали заказ через Яндекс. Маркет,вы делали заказ через Яндекс. Маркет,яндекс маркет,1.0
773,"здесь вижу, что акция в АВИ момент по товару","здесь вижу, что акция в АВИ момент по товару",момент,0.78
773,что они озон дают дешевле. Даже просто неудобно с озоном,что они озон дают дешевле. Даже просто неудобно с озоном,ozon,0.96
774,"как компания ГАММА-ПЛАСТ, там запросы заявка на поставку.","как компания ГАММА-ПЛАСТ, там запросы заявка на поставку.",гамма-пласт,0.99
784,"Менеджер: ... 2 счетчика Меркурий, то оба заказа ...","Менеджер: ... 2 счетчика Меркурий, то оба заказа ...",меркурий,0.98
785,"Э бэ пэ, который штиль, да, да?","Э бэ пэ, который штиль, да, да?",штиль,0.9
786,"Менеджер: ... у вас был заказан Резолюкс. Хвостовик для коронок вижу, что уже добавили вам новую позицию в заказ.","Менеджер: ... у вас был заказан Резолюкс. Хвостовик для коронок вижу, что уже добавили вам новую позицию в заказ.",резолюкс,0.99
788,"Да, там вывеска белой буквы с Красной Обводкой все инструменты точка ру увидите, не пропустите.","Да, там вывеска белой буквы с Красной Обводкой все инструменты точка ру увидите, не пропустите.",всеинструменты.ру,0.98
790,"Кирилл, точка, а точка Федоров, собака, все инструменты, точка ру.","Кирилл, точка, а точка Федоров, собака, все инструменты, точка ру.",всеинструменты.ру,0.96
793,А насос автоматический PATRIOT был.,А насос автоматический PATRIOT был.,patriot,0.99
795,"Да, вижу то, что вот у вас 1 CROWN удлинитель гибкий, как бы пришел сейчас.","Да, вижу то, что вот у вас 1 CROWN удлинитель гибкий, как бы пришел сейчас.",crown,0.98
797,газонокосилку Гардена,газонокосилку Гардена,gardena,1.0
797,Гардена газонокосилка,Гардена газонокосилка,gardena,1.0
797,MAKITA,MAKITA,makita,1.0
797,графит,графит,graphite,0.98
797,гигант,гигант,gigant,0.98
797,инфорс,инфорс,inforce,0.97
812,"На партнер, собачка, все инструменты, точка ру.","На партнер, собачка, все инструменты, точка ру.",всеинструменты.ру,0.96
813,"заказ оформлен на Яндекс. Маркете, возврат данного товара оформляется также через Яндекс Маркет.","заказ оформлен на Яндекс. Маркете, возврат данного товара оформляется также через Яндекс Маркет.",яндекс маркет,0.99
813,можете оформить самостоятельно в приложении или связаться с поддержкой Яндекс Маркета.,можете оформить самостоятельно в приложении или связаться с поддержкой Яндекс Маркета.,яндекс маркет,0.99
815,Был заказ на маяк автофон Эс е + Казань.,Был заказ на маяк автофон Эс е + Казань.,автофон,0.98
815,Был заказ на маяк автофон Эс е + Казань.,Был заказ на маяк автофон Эс е + Казань.,маяк,0.98
816,Благодарю за ожидание да мойка ЭКОЭЛ 1240 р.,Благодарю за ожидание да мойка ЭКОЭЛ 1240 р.,экоэл,0.99
822,это я в Яндекс Маркет позвонил,это я в Яндекс Маркет позвонил,яндекс маркет,1.0
822,по Яндекс. Маркету хотели уточнить по заказу,по Яндекс. Маркету хотели уточнить по заказу,яндекс маркет,1.0
822,по Яндекс. Маркету,по Яндекс. Маркету,яндекс маркет,1.0
824,"Мы заказывали в Озоне, ну вы, продавец кулер, кулер не подошел.","Мы заказывали в Озоне, ну вы, продавец кулер, кулер не подошел.",ozon,0.99
824,"Если вы заказывали заказ, оформляли через Озон, вам нужно уточнить номер заказа в Озоне нашего внутреннего всеинструменты.ру заказа.","Если вы заказывали заказ, оформляли через Озон, вам нужно уточнить номер заказа в Озоне нашего внутреннего всеинструменты.ру заказа.",ozon,0.99
824,"Если вы заказывали заказ, оформляли через Озон, вам нужно уточнить номер заказа в Озоне нашего внутреннего всеинструменты.ру заказа.","Если вы заказывали заказ, оформляли через Озон, вам нужно уточнить номер заказа в Озоне нашего внутреннего всеинструменты.ру заказа.",всеинструменты.ру,0.98
824,"Это заказ Озона вам в поддержке, с вами нужно уточнить номер заказа, а всеинструменты.ру.","Это заказ Озона вам в поддержке, с вами нужно уточнить номер заказа, а всеинструменты.ру.",всеинструменты.ру,0.98
825,служба поддержки Яндекс. Маркета,служба поддержки Яндекс. Маркета,яндекс маркет,0.99
825,проблема Яндекс. Маркет,проблема Яндекс. Маркет,яндекс маркет,0.99
825,поддержка Яндекс,поддержка Яндекс,yandex,0.98
827,"Светильник да гигант, вот вижу.","Светильник да гигант, вот вижу.",gigant,0.95
827,"А вот почта, Рус Норд, собака инбокс нет.","А вот почта, Рус Норд, собака инбокс нет.",nord,0.7
832,Майл Ру,Майл Ру,mile,0.96
833,Клиент: Мне просто их соедините и вот на Овер.,Клиент: Мне просто их соедините и вот на Овер.,overcon,0.8
837,"Менеджер: Так транс логистик, да вы сказали?","Менеджер: Так транс логистик, да вы сказали?",transcom,0.62
839,"Менеджер: Добрый день, компания все инструменты, точка ру.","Менеджер: Добрый день, компания все инструменты, точка ру.",всеинструменты.ру,0.98
843,"Там должна быть табличка Все инструменты, обычно наши магазины у них отдельная висит табличка.","Там должна быть табличка Все инструменты, обычно наши магазины у них отдельная висит табличка.",всеинструменты.ру,1.0
846,Все инструменты точка ру да да да да.,Все инструменты точка ру да да да да.,всеинструменты.ру,0.98
846,"рядом будет вход в вейп Шоп, дракон также гастроярка.","рядом будет вход в вейп Шоп, дракон также гастроярка.",dragon,0.85
855,"я бы вот ну съездил бы, забрал бы там PROTHERM, грубо говоря.","я бы вот ну съездил бы, забрал бы там PROTHERM, грубо говоря.",protherm,0.99
859,это вот компания VIRA.,это вот компания VIRA.,vira,0.99
859,Инфорс компактная рулетка тоже 2 штуки,Инфорс компактная рулетка тоже 2 штуки,inforce,0.99
862,"я заказывал шпильки теч креп, гайки, теч креп","я заказывал шпильки теч креп, гайки, теч креп",tech-krep,0.99
876,"Менеджер: Ну вот, я сама вижу, Мерион, перчатки диэлектрические, верно?","Менеджер: Ну вот, я сама вижу, Мерион, перчатки диэлектрические, верно?",мерион,0.96
877,"Ну онлайн раньше было, можно было там Сбер.","Ну онлайн раньше было, можно было там Сбер.",sber,0.96
877,"У вас отменилось, это Сбер, спасибо баллами, можно было еще.","У вас отменилось, это Сбер, спасибо баллами, можно было еще.",sber,0.96
877,в данный момент данная акция приостановлена по сотрудничеству со Сбер,в данный момент данная акция приостановлена по сотрудничеству со Сбер,sber,0.96
878,Это вы с Озона заказывали или с Яндекса?,Это вы с Озона заказывали или с Яндекса?,ozon,0.99
878,Это вы с Озона заказывали или с Яндекса?,Это вы с Озона заказывали или с Яндекса?,яндекс алиса,0.85
878,Это заказывал я у вас все инструменты.,Это заказывал я у вас все инструменты.,всеинструменты.ру,0.98
879,"Менеджер: Могу перевести вас в отдел продаж, менеджер подберет масло, что есть в наличии, можем срочно доставить.","Менеджер: Могу перевести вас в отдел продаж, менеджер подберет масло, что есть в наличии, можем срочно доставить.",gigant,0.99
879,"Клиент: Выхода гарантийного обслуживания срока через год, то так как в нашем городе нету сервиса Гигант.","Клиент: Выхода гарантийного обслуживания срока через год, то так как в нашем городе нету сервиса Гигант.",gigant,0.99
879,Клиент: ... они мне втюхивают вот этот свой гигант.,Клиент: ... они мне втюхивают вот этот свой гигант.,gigant,0.99
881,...к какой то может платформе озона или Яндекса нет...,...к какой то может платформе озона или Яндекса нет...,яндекс алиса,0.95
881,...к какой то может платформе озона или Яндекса нет...,...к какой то может платформе озона или Яндекса нет...,ozon,0.97
882,"А почему через Яндекс, через Яндекс. Маркет, да по-моему, если заказываешь она 108 р.","А почему через Яндекс, через Яндекс. Маркет, да по-моему, если заказываешь она 108 р.",yandex,0.99
882,"А почему через Яндекс, через Яндекс. Маркет, да по-моему, если заказываешь она 108 р.","А почему через Яндекс, через Яндекс. Маркет, да по-моему, если заказываешь она 108 р.",яндекс маркет,0.99
885,вижу ваш заказ сварочный полуавтомат РЕСАНТА.,вижу ваш заказ сварочный полуавтомат РЕСАНТА.,ресанта,0.99
888,"все инструменты, точка ру!","все инструменты, точка ру!",всеинструменты.ру,0.98
894,"я уже 10 раз пожалела, что связалась с Яндекс.","я уже 10 раз пожалела, что связалась с Яндекс.",yandex,0.99
894,Взаимодействие с Яндекс.,Взаимодействие с Яндекс.,yandex,0.99
897,"Менеджер: Эльдо, здравствуйте, все инструменты, точка ру!","Менеджер: Эльдо, здравствуйте, все инструменты, точка ру!",всеинструменты.ру,0.98
900,"Менеджер: ... я могу вас отремонтировать газонокосилку, электрическую **алко**, комфорт 40 Яна.","Менеджер: ... я могу вас отремонтировать газонокосилку, электрическую **алко**, комфорт 40 Яна.",al-ko,0.96
900,"Менеджер: ... я могу вас отремонтировать газонокосилку, электрическую алко, **комфорт** 40 Яна.","Менеджер: ... я могу вас отремонтировать газонокосилку, электрическую алко, **комфорт** 40 Яна.",comfort,0.93
900,Клиент: Алко **комфорт** 40 е.,Клиент: Алко **комфорт** 40 е.,comfort,0.93
914,"Менеджер: ... у вас батарейка Панасоник, она 18 августа включительно.","Менеджер: ... у вас батарейка Панасоник, она 18 августа включительно.",panasonic,0.99
917,"Сбербанк, обработка идет на сумму 472?","Сбербанк, обработка идет на сумму 472?",sber,0.99
918,"Так вы от TESTO, верно?","Так вы от TESTO, верно?",testo,0.99
920,"Все инструменты, точка ру.","Все инструменты, точка ру.",всеинструменты.ру,0.98
920,А все интернет точка ру магазин так и называется.,А все интернет точка ру магазин так и называется.,всеинструменты.ру,0.98
928,Клиент: Веста.,Клиент: Веста.,vista,0.6
928,Клиент: Веста.,Клиент: Веста.,окб веста,0.6
931,через Яндекс. Маркет,через Яндекс. Маркет,яндекс маркет,0.95
931,на Яндекс. Маркете,на Яндекс. Маркете,яндекс маркет,0.95
934,"…Последние цифры: батарейка алкалиновая, 3 а 1 штука и **навигатор**, муляж видеокамеры 2 штуки.","…Последние цифры: батарейка алкалиновая, 3 а 1 штука и **навигатор**, муляж видеокамеры 2 штуки.",navigator,0.96
934,"…Хатер электропила аккумуляторная, 1 штука, стоимость 5 590.","…Хатер электропила аккумуляторная, 1 штука, стоимость 5 590.",hunter,0.94
944,"Сами через Яндекс Гоу, к примеру, через приложение.","Сами через Яндекс Гоу, к примеру, через приложение.",яндекс go,0.99
944,"Только сторонние компании, например Яндекс курьером.","Только сторонние компании, например Яндекс курьером.",yandex,0.99
950,поддержка Яндекс. Маркета,поддержка Яндекс. Маркета,яндекс маркет,0.99
953,"Менеджер: Иван Юрьевич, здравствуйте, **все инструменты Точка ру** Екатерина, чем могу помочь?","Менеджер: Иван Юрьевич, здравствуйте, **все инструменты Точка ру** Екатерина, чем могу помочь?",всеинструменты.ру,0.99
955,"Хотел фильтр барьер, эксперт, смягчение.","Хотел фильтр барьер, эксперт, смягчение.",барьер,0.92
955,"Хотел фильтр барьер, эксперт, смягчение.","Хотел фильтр барьер, эксперт, смягчение.",эксперт,0.92
956,"Менеджер: Артем, здравствуйте, все инструменты. Точка ру Екатерина, чем могу вам помочь?","Менеджер: Артем, здравствуйте, все инструменты. Точка ру Екатерина, чем могу вам помочь?",всеинструменты.ру,0.98
958,GREENWORKS вы переоформили триммер электрический,GREENWORKS вы переоформили триммер электрический,greenworks,0.99
958,газонокосилка BOSCH 9 990,газонокосилка BOSCH 9 990,bosсн,0.99
958,принят в обработку заказ звездочка 36 625,принят в обработку заказ звездочка 36 625,звездочка,0.95
965,ТК Вольт,ТК Вольт,volts,0.92
966,"А с Павлом все хорошо поняла, сейчас давайте попробуем GREENWORKS.","А с Павлом все хорошо поняла, сейчас давайте попробуем GREENWORKS.",greenworks,0.99
966,Так Тара ру мусорный контейнер там про него говорим?,Так Тара ру мусорный контейнер там про него говорим?,тара.ру,0.98
968,Аккумуляторный триммер KARCHER.,Аккумуляторный триммер KARCHER.,karcher,0.99
968,"И бренд KARCHER ввести, и он выдаст адрес.","И бренд KARCHER ввести, и он выдаст адрес.",karcher,0.99
973,"Так сейчас я посмотрю BAXI, могу к вам обращаться BAXI сейчас","Так сейчас я посмотрю BAXI, могу к вам обращаться BAXI сейчас",baxi,0.99
974,"Как я понимаю, свои Яндекс Маркет есть?","Как я понимаю, свои Яндекс Маркет есть?",яндекс маркет,0.99
975,в Озоне я нашел дешевле,в Озоне я нашел дешевле,ozon,0.99
975,Озоновский код товара,Озоновский код товара,ozon,0.99
976,Там 2 фильтра гейзер они не пригодились.,Там 2 фильтра гейзер они не пригодились.,гейзер,0.95
980,"Через сайт стартер на автомобиль, START фирмы это автономный.","Через сайт стартер на автомобиль, START фирмы это автономный.",старт,0.99
980,Заказал стартер START.,Заказал стартер START.,старт,0.99
983,"Так давайте, собака, все инструменты, точка ру.","Так давайте, собака, все инструменты, точка ру.",всеинструменты.ру,0.98
983,"Вас, Виктор Орлов, собака, все инструменты точка ру, да?","Вас, Виктор Орлов, собака, все инструменты точка ру, да?",всеинструменты.ру,0.98
999,служба поддержки Яндекс Маркета,служба поддержки Яндекс Маркета,яндекс маркет,1.0
